Ticker,Moneda
VSCXO,USD Int
YM34O,USD Int
YMCXO,USD Int
MGCRO,USD Int
VSCVO,USD Int
IRCPO,USD Int
TLCPO,USD Int
TLCTO,USD Int
DNCAO,USD Int
TLCMO,USD Int
YMCIO,USD Int
MGCOO,USD Int
YM39O,USD Int
TSC4O,USD Int
YMCJO,USD Int
RUCDO,USD Int
PLC5O,USD Int
YFCJO,USD Int
DNC7O,USD Int
PN43O,USD Int
CP38O,USD Int
TSC3O,USD Int
VSCTO,USD Int
TTCDO,USD Int
MTCGO,USD Int
BACGO,USD Int
MGCMO,USD Int
GN49O,USD Int
PNXCO,USD Int
BACHO,USD Int
PN38O,USD Int
ARC1O,USD Int
TTCAO,USD Int
IRCFO,USD Int
BYCHO,USD Int
PNDCO,USD Int
CAC5O,USD Int
YCAMO,USD Int
PLC4O,USD Int
MCC3O,USD Mep
VSCRO,USD Mep
YM38O,USD Mep
YM42O,USD Mep
PN35O,USD Mep
DNC3O,USD Mep
DNC5O,USD Mep
RUCEO,USD Mep
YM35O,USD Mep
PN36O,USD Mep
TTC8O,USD Mep
PQCSO,USD Mep
BYCVO,USD Mep
LOC5O,USD Cable
MGCTO,USD Mep
OZC3O,USD Mep
MIC4O,USD Mep
YM37O,USD Mep
TTCEO,USD Mep
VSCUO,USD Cable
MGCQO,USD Cable
IRCOO,USD Mep
VSCOO,USD Cable
PLC2O,USD Mep
CICBO,USD Mep
TLCQO,USD Mep
OLC7O,USD Mep
PLC6O,USD Mep
NPCDO,USD Mep
TLCOO,USD Mep
YMCYO,USD Mep
YFCNO,USD Mep
NPCCO,USD Cable
PN41O,USD Mep
MGCNO,USD Mep
TTC9O,USD Mep
VSCWO,USD Mep
YM43O,USD Mep
T662O,USD Mep
PLC3O,USD Mep
CS48O,USD Mep
YM41O,USD Mep
VSCPO,USD Cable
ZZC1O,USD Mep
HJCJO,USD Mep
CACDO,USD Mep
YM40O,USD Mep
OLC5O,USD Mep
RC1CO,USD Int
OLC6O,USD Mep
CICAO,USD Mep
OT42O,USD Mep
LOC6O,USD Mep
MSSGO,USD Mep
YFCOO,USD Mep
LUC5O,USD Mep
PN37O,USD Mep
LDCGO,USD Mep
PN42O,USD Mep
CS47O,USD Mep
TLCUO,USD Mep
YFCMO,USD Mep
MSSFO,USD Mep
VBC2O,USD Mep
DEC2O,USD Mep
HBCAO,USD Mep
PFC2O,USD Mep
YMCZO,USD Mep
TTCBO,USD Mep
PLC1O,USD Mep
XMC1O,USD Mep
IRCJO,USD Mep
CS49O,USD Mep
LMS8O,USD Cable
RCCRO,USD Mep
SBC2O,USD Mep
CS50O,USD Mep
CS44O,USD Mep
YFCLO,USD Mep
LMS7O,USD Mep
MCC1O,USD Mep
CACBO,USD Mep
MSSEO,USD Mep
AERBO,USD Mep
CS53O,USD Mep
GN47O,USD Mep
PN34O,USD Mep
RC2CO,USD Mep
GYC4O,USD Mep
GYC5O,USD Mep
VBC1O,USD Mep
YFCGO,USD Mep
OTS6O,USD Mep
OTS5O,USD Mep
IRCNO,USD Mep
BF39O,USD Mep
AFCIO,USD Mep
T641O,USD Mep
OTS2O,USD Mep
FO4AO,USD Mep
SBC1O,USD Mep
MCC2O,USD Mep
BYCXO,USD Mep
BF37O,USD Mep
SNSBO,USD Mep
OTS3O,USD Mep
MIC3O,USD Mep
EMC1O,USD Mep
BGC4O,USD Mep
SNSDO,USD Mep
YFCIO,USD Mep
CS51O,USD Mep
OT41O,USD Mep
BF44O,USD Mep
PUC2O,USD Mep
PQCTO,USD Mep
JNC6O,USD Mep
RZABO,USD Mep
VAC3P,USD Mep
BPCUO,USD Mep
PQCRO,USD Mep
HBCDO,USD Mep
CS52O,USD Mep
BPCTO,USD Mep
SNABO,USD Mep
JNC5O,USD Mep
AFCHO,USD Mep
GN43O,USD Mep
PZCGO,USD Mep
GN37O,USD Int
GN48O,USD Mep
COC2O,USD Mep
ZPC2O,USD Mep
CWC6O,USD Mep
HVS1O,USD Mep
VES2L,USD Mep
BF40O,USD Mep
BPCSO,USD Mep
BPCVO,USD Mep
BVCOO,USD Mep
BVCPO,USD Mep
LR7BO,ARS
STCFO,USD Mep
VA1AP,USD Mep
